reference_id	citation	year	evidence_type	diseases	key_finding_ko	url	doi
R001	Prihadi et al. AMACR is a highly sensitive and specific immunohistochemical marker for diagnosing prostate cancer on biopsy: a systematic review and meta-analysis	2025	systematic_review_meta_analysis	prostate_adenocarcinoma	전립선 생검 AMACR IHC 27개 연구 메타분석에서 pooled sensitivity 0.90과 specificity 0.91을 보고했으나 이질성이 있었다	https://pubmed.ncbi.nlm.nih.gov/40605376/	10.4132/jptm.2025.04.16
R002	Kumaresan et al. Diagnostic utility of triple antibody AMACR HMWCK and p63 stain in prostate neoplasm	2019	prospective_single_cohort	prostate_adenocarcinoma	형태학적으로 어려운 전립선 병변에서 AMACR 양성과 basal-cell marker HMWCK/p63 조합의 진단 보조 가능성을 평가했다	https://pubmed.ncbi.nlm.nih.gov/31548949/	10.4103/jfmpc.jfmpc_432_19
R003	Karwacki et al. Perineural invasion in radical prostatectomy specimens and its association with biochemical recurrence and survival: systematic review and meta-analysis	2026	systematic_review_meta_analysis	prostate_adenocarcinoma	58개 연구를 검토했고 PNI가 BCR과 연관됐지만 주로 후향 연구이며 bias 위험이 있었다	https://pubmed.ncbi.nlm.nih.gov/41726852/	10.1016/j.euros.2026.01.018
R004	Mosquera-Lopez et al. Computer-aided prostate cancer diagnosis from digitized histopathology: a review on texture-based systems	2015	narrative_review	prostate_adenocarcinoma	texture와 형태 특징은 전립선암 검출·grading CAD에 연구됐지만 전처리·분류·검증 설계에 따라 달라진다	https://pubmed.ncbi.nlm.nih.gov/25055385/	10.1109/RBME.2014.2340401
R005	Russo et al. Oncological outcomes of cribriform histology pattern in prostate cancer: systematic review and meta-analysis	2023	systematic_review_meta_analysis	prostate_adenocarcinoma	cribriform pattern은 adverse pathology와 BCR 및 cancer-specific mortality 위험 증가와 연관됐다	https://pubmed.ncbi.nlm.nih.gov/36216967/	10.1038/s41391-022-00600-y
R006	Erak et al. Predicting prostate cancer molecular subtype with deep learning on histopathologic images	2023	multi_cohort_validation	prostate_adenocarcinoma	H&E WSI로 ERG와 PTEN 상태를 screening한 multi-cohort 연구에서 외부 cohort AUROC를 보고했다	https://pubmed.ncbi.nlm.nih.gov/37307876/	10.1016/j.modpat.2023.100247
R007	Spinos et al. Association between ERG/PTEN genes and pathologic parameters of prostate cancer with emphasis on Gleason score	2023	narrative_review	prostate_adenocarcinoma	PTEN loss는 adverse pathology와 더 일관되게 연관됐고 ERG-형태 연관성은 연구 간 논쟁적이었다	https://pubmed.ncbi.nlm.nih.gov/37168967/	10.21873/cdp.10214
R008	Knijn et al. Perineural invasion is a strong prognostic factor in colorectal cancer: a systematic review	2016	systematic_review_meta_analysis	colorectal_adenocarcinoma	58개 연구 22900명에서 PNI는 재발과 생존 저하에 연관되어 고위험 병리 특징으로 제시됐다	https://pubmed.ncbi.nlm.nih.gov/26426380/	10.1097/PAS.0000000000000518
R009	Tang et al. Radiomics for prediction of perineural invasion in colorectal cancer: systematic review and meta-analysis	2025	systematic_review_meta_analysis	colorectal_adenocarcinoma	CRC PNI 예측 radiomics 연구를 종합했지만 영상 modality와 모델 이질성 및 bias 평가가 필요했다	https://pubmed.ncbi.nlm.nih.gov/39841228/	10.1007/s00261-024-04713-x
R010	Tao et al. Prognostic role of perineural invasion for survival in head and neck squamous cell carcinoma: systematic review and meta-analysis	2024	systematic_review_meta_analysis	head_neck_squamous_cell_carcinoma	74개 연구 27559명에서 PNI의 생존 예후 관련성을 종합했다	https://pubmed.ncbi.nlm.nih.gov/39061154/	10.3390/cancers16142514
R011	Binmadi et al. Perineural invasion is a significant prognostic factor in oral squamous cell carcinoma: systematic review and meta-analysis	2023	systematic_review_meta_analysis	oral_squamous_cell_carcinoma	OSCC에서 PNI의 adverse prognostic association을 정량 종합했다	https://pubmed.ncbi.nlm.nih.gov/37958235/	10.3390/diagnostics13213339
R012	Ju et al. Role of perineural invasion on head and neck adenoid cystic carcinoma prognosis: systematic review and meta-analysis	2016	systematic_review_meta_analysis	adenoid_cystic_carcinoma	신경친화성이 알려진 adenoid cystic carcinoma에서 PNI와 예후의 연관성을 종합했다	https://pubmed.ncbi.nlm.nih.gov/27727107/	10.1016/j.oooo.2016.08.008
R013	Schorn et al. Influence of neural invasion on survival and tumor recurrence in pancreatic ductal adenocarcinoma: systematic review and meta-analysis	2017	systematic_review_meta_analysis	pancreatic_ductal_adenocarcinoma	PDAC에서 neural invasion과 생존·재발의 관련성을 체계적으로 분석했다	https://pubmed.ncbi.nlm.nih.gov/28317579/	10.1016/j.suronc.2017.01.007
R014	Zhao et al. Perineural invasion as a predictive factor for survival outcome in gastric cancer: systematic review and meta-analysis	2020	systematic_review_meta_analysis	gastric_adenocarcinoma	13개 연구 7004명에서 PNI는 불리한 병리 특징과 생존 저하에 연관됐다	https://pubmed.ncbi.nlm.nih.gov/31980559/	10.1136/jclinpath-2019-206372
R015	Kolck et al. Perineural invasion in intrahepatic cholangiocarcinoma: meta-analysis of prevalence and impact on survival	2026	systematic_review_meta_analysis	cholangiocarcinoma	61개 연구에서 PNI는 흔한 adverse feature였으나 prevalence 이질성이 매우 컸다	https://pubmed.ncbi.nlm.nih.gov/42349784/	10.1016/j.jhepr.2026.101939
R016	Karia et al. Risk factors for cutaneous squamous cell carcinoma recurrence metastasis and disease-specific death: systematic review and meta-analysis	2016	systematic_review_meta_analysis	cutaneous_squamous_cell_carcinoma	cSCC의 PNI는 recurrence와 metastasis 위험 증가에 연관된 병리 고위험 특징이었다	https://pubmed.ncbi.nlm.nih.gov/26762219/	10.1001/jamadermatol.2015.4994
R017	Eichelberg et al. Prognostic value of AMACR expression in renal cell carcinoma	2013	large_single_cohort	papillary_renal_cell_carcinoma	1088개 renal tumor에서 AMACR 발현은 papillary RCC에서 더 흔했지만 단독 진단·예후 지표로는 제한이 있었다	https://pubmed.ncbi.nlm.nih.gov/22009118/	10.1007/s00345-011-0783-z
R018	Alshenawy. Immunohistochemical panel for differentiating renal cell carcinoma with clear and papillary features	2015	single_cohort_panel_study	papillary_renal_cell_carcinoma	CK7 CAIX AMACR TFE3 panel이 papillary/clear feature RCC 감별에 사용됐으며 AMACR 단독보다 panel 해석이 필요했다	https://pubmed.ncbi.nlm.nih.gov/30023184/	10.1016/j.jmau.2015.01.003
R019	Schmitd et al. Redefining perineural invasion: integration of biology with clinical outcome	2018	single_cohort_mechanistic	oral_squamous_cell_carcinoma	고전 PNI 기준과 함께 tumor-nerve distance 및 nerve diameter 같은 연속 공간특징을 탐색했으나 표준 진단 대체는 아니다	https://pubmed.ncbi.nlm.nih.gov/29800815/	10.1016/j.neo.2018.04.005
R020	Glaser et al. Nondestructive 3D pathology with analysis of nuclear features for prostate cancer risk assessment	2023	single_cohort_method_development	prostate_adenocarcinoma	3D nuclear shape feature가 BCR risk와 연관될 가능성을 보였지만 소규모 방법개발 연구였다	https://pubmed.ncbi.nlm.nih.gov/37232213/	10.1038/s41551-023-01049-7
R021	PRECISE PNI frozen-score audit approved design	2026	local_approved_design	prostate_adenocarcinoma	현재 프로젝트가 검증한 역할은 선택된 120후보 내 공간 후보 triage이며 whole-slide 진단이 아니다	projects/precise_pni_candidate_triage/docs/designs/2026-08-05-precise-pni-frozen-score-audit-design.md	not_applicable
R022	PRECISE PNI morphology rereview approved design	2026	local_approved_design	prostate_adenocarcinoma	14개 선택 focus의 형태 pilot이며 contour 지표는 전문의 경계 승인 후에만 계산한다	projects/precise_pni_candidate_triage/docs/designs/2026-08-06-precise-pni-morphology-rereview-design.md	not_applicable
R023	Pathology foundation-model signal qualification approved design	2026	local_approved_design	prostate_adenocarcinoma	grade와 phenotype은 비교적 transportable했지만 PTEN AR SPOP recurrence 신호는 target과 context에 의존하거나 frozen design에서 지지되지 않았다	projects/prostate_biomarker_validation/docs/designs/2026-08-07-scientific-reports-manuscript-redesign-design.md	not_applicable
