endpoint_id,hierarchy,endpoint,cohort,event_definition,censoring_or_exclusion,primary_metric,multiplicity,source,status,limitation
E01,primary,continuous marker qualification,marker-specific canonical cohort,observed continuous target,complete target cases,patient Spearman rho,17-test BH-FDR family,models/statistical_corrections_summary.csv,complete,none
E02,primary,binary marker qualification,marker-specific canonical cohort,observed binary target,complete target cases,patient AUROC,17-test BH-FDR family,models/statistical_corrections_summary.csv,complete,none
E03,secondary,PTEN/AR held-out increment,TCGA-PRAD,PTEN loss or AR activity,complete grade and target,delta AUROC or delta R2,17-test BH-FDR family,models/confounder_nested_summary.csv,complete,multiple imputation not applicable
E04_reconstructed_with_tumor,exploratory,reconstructed with-tumor endpoint,TCGA-PRAD,any valid follow-up recorded wt-with tumor,latest valid non-event follow-up censors,C-index; td-AUC; IBS; calibration,confirmatory transfer excluded from 17-test family,opendataset/TCGA-PRAD-BCR/bcr_label_provenance.csv,complete,includes persistent disease
E05,exploratory,strict recurrence-only endpoint,TCGA-PRAD,tumor-free visit strictly precedes later with-tumor visit,persistent/indeterminate cases excluded,C-index; td-AUC,sensitivity analysis,opendataset/TCGA-PRAD-BCR/bcr_recurrence_only.csv; models/tcga_prad_label_benchmark_summary.csv,complete_but_underpowered,embedded cohort has 7 events
E06,exploratory,TCGA-CDR PFS,TCGA-PRAD,cBioPortal PFS_STATUS,PFS_MONTHS,C-index; td-AUC; landmark AUC,endpoint sensitivity,models/tcga_prad_label_benchmark_summary.csv,complete,PFS is not relabeled as PFI
E07,exploratory,TCGA-CDR DFS,TCGA-PRAD,cBioPortal DFS_STATUS,DFS_MONTHS,C-index; td-AUC; landmark AUC,endpoint sensitivity,models/tcga_prad_label_benchmark_summary.csv,complete_but_underpowered,11 events
E08_official_pfi,exploratory,official TCGA-CDR PFI,TCGA-PRAD,official PFI event field,official PFI time field,C-index; endpoint concordance,endpoint sensitivity,models/pfi_performance_summary.csv; models/pfi_endpoint_concordance.csv; models/tcga_cdr_pfi_mapping.csv,complete_but_uncertain,42 events; C-index interval includes 0.5
E09,secondary,3-year and 5-year landmark,LEOPARD; TCGA-PRAD,event by horizon among definitively known outcomes,censored before horizon excluded,landmark C-index/AUROC,sensitivity analysis,models/tcga_prad_label_benchmark_summary.csv,complete,endpoint-specific sample size varies
